country,method,mean_absolute_error
Bangladesh,fc,17.333333333333332
Bangladesh,fo,17.0
Bangladesh,fr,20.0
Bangladesh,fu,18.5
Germany,fc,17.333333333333332
Germany,fo,17.833333333333332
Germany,fr,17.666666666666668
Germany,fu,17.166666666666668
USA,fc,19.333333333333332
USA,fo,18.333333333333332
USA,fr,18.5
USA,fu,17.833333333333332
