country,method,hard_alignment,soft_alignment,n
Bangladesh,fc,50.0,87.22222222222221,10
Bangladesh,fo,50.0,73.33333333333334,10
Bangladesh,fr,50.0,69.44444444444444,10
Bangladesh,fu,50.0,78.33333333333334,10
Germany,fc,50.0,86.66666666666666,10
Germany,fo,20.0,53.33333333333333,10
Germany,fr,40.0,70.0,10
Germany,fu,11.11111111111111,55.55555555555556,9
USA,fc,20.0,52.22222222222223,10
USA,fo,20.0,50.55555555555556,10
USA,fr,30.0,61.66666666666667,10
USA,fu,40.0,67.77777777777777,10
