country,method,mean_absolute_error
Bangladesh,fc,17.333333333333332
Bangladesh,fo,17.5
Bangladesh,fr,20.0
Bangladesh,fu,17.166666666666668
Germany,fc,17.833333333333332
Germany,fo,16.666666666666668
Germany,fr,17.666666666666668
Germany,fu,16.833333333333332
USA,fc,18.333333333333332
USA,fo,18.666666666666668
USA,fr,17.833333333333332
USA,fu,18.833333333333332
