country,method,hard_alignment,soft_alignment,n
Bangladesh,fc,40.0,78.33333333333334,10
Bangladesh,fo,22.22222222222222,55.55555555555556,9
Bangladesh,fr,40.0,67.77777777777777,10
Bangladesh,fu,44.44444444444444,76.54320987654322,9
Germany,fc,40.0,74.44444444444444,10
Germany,fo,30.0,61.666666666666664,10
Germany,fr,40.0,66.66666666666667,10
Germany,fu,50.0,75.55555555555556,10
USA,fc,40.0,74.44444444444444,10
USA,fo,20.0,50.55555555555556,10
USA,fr,70.0,90.0,10
USA,fu,40.0,68.33333333333333,10
